Unnamed: 0,식품명,1인분칼로리(kcal),탄수화물(g),단백질(g),지질(g),콜레스트롤(g),식이섬유(g),나트륨(g),등록일
0,가래떡(떡국용),311.0,68.3,5.3,1.0,0.0,0.0,231.0,
1,가래떡(떡볶이용),96.0,21.0,1.6,0.3,0.0,0.0,71.0,
2,가자미,58.0,0.1,9.9,1.7,44.6,0.0,104.0,
3,가자미구이,76.0,0.2,11.2,3.1,50.1,0.0,255.0,2012-01-06
4,가자미조림,45.4,2.4,6.6,1.2,27.0,0.4,183.0,2012-01-04
5,가지,6.0,1.6,0.3,0.0,0.3,0.2,1.0,2012-01-06
6,가지나물,19.0,2.9,0.8,0.9,0.4,0.4,278.0,2012-01-16
7,간장(왜간장),8.0,0.7,1.2,0.0,0.0,0.0,879.0,
8,갈비구이,586.0,14.3,28.1,43.7,87.4,0.3,1093.0,2012-01-04
9,갈비찜,262.2,3.5,13.7,20.0,43.2,0.1,413.0,2012-01-04
10,갈비탕,362.5,20.7,16.5,22.3,49.9,0.6,992.0,2012-01-04
11,갈치,60.0,0.0,7.4,3.0,28.8,0.0,40.0,
12,갈치구이,110.4,0.1,11.3,6.8,44.1,0.0,331.0,
13,갈치조림,37.0,1.8,4.0,1.5,13.8,0.3,120.0,2012-01-04
14,갈치찌개,48.2,1.9,5.4,2.1,19.2,0.3,538.0,2012-01-16
15,감(곶감),119.0,33.0,1.1,0.1,0.0,1.4,3.0,2012-01-04
16,감(단감),37.0,10.4,0.4,0.0,0.0,0.4,6.0,2012-01-04
17,감자,43.0,9.5,1.8,0.0,0.0,0.1,2.0,2012-01-04
18,감자국,55.1,11.4,2.8,0.1,1.5,0.2,239.0,2012-01-04
19,감자볶음,36.2,6.0,1.1,1.0,0.1,0.1,119.0,2012-01-04
20,감자샐러드,64.0,9.0,1.7,2.5,7.1,0.2,316.0,2012-01-04
21,감자조림,39.0,6.8,1.3,0.9,0.0,0.1,104.0,2012-01-04
22,감자칩,239.0,23.6,2.5,16.7,0.0,0.5,117.0,2012-01-04
23,강낭콩,11.0,2.0,0.7,0.1,0.0,0.1,0.0,2012-01-04
24,개고기,144.0,0.4,10.5,11.1,20.0,0.0,40.0,
25,건빵,104.0,18.5,2.2,2.4,0.5,0.1,116.0,2012-01-04
26,검정콩,42.0,3.4,3.9,2.0,0.0,0.5,0.2,
27,겨자,13.0,1.0,0.9,0.7,0.0,0.2,1.0,2012-01-17
28,경단,144.0,30.7,2.5,1.1,0.0,0.2,111.0,2012-01-04
29,고구마,90.0,21.8,1.0,0.1,0.0,0.6,11.0,
30,고구마맛탕,266.0,48.1,2.5,8.0,0.1,1.7,18.0,
31,고구마줄기,2.0,0.7,0.1,0.0,0.0,0.2,1.0,2012-01-17
32,고구마튀김,72.4,11.7,0.7,2.8,0.0,0.2,58.0,2012-01-04
33,고기만두,348.1,35.0,19.2,14.3,24.1,0.7,881.0,2012-01-04
34,고들빼기,14.0,3.2,1.2,0.2,0.0,0.5,4.0,2012-01-17
35,고등어,92.0,0.0,10.1,5.2,24.0,0.0,38.0,
36,고등어(자반고등어),95.0,0.1,14.8,3.4,25.9,0.0,990.0,2012-01-04
37,고등어구이,110.4,0.0,10.6,7.1,25.2,0.0,226.0,2012-01-04
38,고등어조림,107.0,3.3,11.1,5.4,24.2,0.5,284.0,
39,고등어찌개,66.0,2.5,6.7,3.3,14.6,0.3,225.0,2012-01-17
40,고등어튀김,167.3,6.4,11.5,10.0,34.9,0.0,350.0,2012-01-04
41,고사리,8.0,2.0,1.0,0.0,0.0,0.6,2.0,2012-01-06
42,고사리(말린것),68.0,16.3,7.7,0.2,0.0,2.9,5.0,2012-01-17
43,고사리나물,25.5,2.6,1.3,1.7,0.0,0.7,328.0,2012-01-04
44,고추냉이(와사비),6.0,1.4,0.3,0.1,0.0,0.1,2.0,2012-01-04
45,고추멸치볶음,30.3,2.3,2.7,1.2,5.8,0.1,112.0,2012-01-11
46,고추볶음,16.0,1.0,0.7,1.3,0.0,0.2,111.0,2012-01-17
47,고추장,27.0,7.5,1.0,0.1,0.0,0.5,596.0,
48,고추장아찌,6.3,1.7,0.4,0.1,0.0,0.5,223.0,2012-01-04
49,고추장아찌,5.0,1.5,0.3,0.1,0.0,0.4,192.0,2012-01-04
50,고추튀김,42.0,2.2,0.5,3.7,0.0,0.2,254.0,2012-01-17
51,고춧가루,5.0,1.1,0.3,0.2,0.0,0.4,0.0,
52,고춧잎,2.0,0.3,0.1,0.0,0.0,0.0,0.0,2012-01-06
53,골뱅이(통조림),34.0,1.6,6.0,0.3,45.6,0.0,209.0,
54,골뱅이무침,82.0,10.5,8.3,1.1,55.8,0.6,421.0,2012-01-04
55,곰보빵(소보로빵),263.0,39.6,6.2,9.2,18.9,0.3,162.0,
56,곰탕(가정식),119.0,1.8,12.3,5.6,31.0,0.1,833.0,2012-01-17
57,곰탕(외식),198.0,3.1,20.5,9.3,51.7,0.2,1388.0,2012-01-04
58,곱창전골,127.5,11.9,8.8,5.8,85.5,1.1,572.0,2012-01-04
59,과일탄산음료,123.0,31.8,0.0,0.0,0.0,0.0,5.0,2012-01-04
60,광어매운탕,115.0,5.9,18.1,2.8,49.0,1.1,139.0,2012-01-04
61,국밥,343.9,66.5,11.2,2.6,16.4,0.5,876.0,2012-01-04
62,군만두,429.0,36.7,19.0,22.5,24.0,0.4,1068.0,2012-01-04
63,굴,13.0,0.7,1.8,0.2,7.2,0.0,46.0,
64,굴무침,23.3,1.7,1.6,1.3,5.7,0.2,156.0,2012-01-17
65,굴비,266.0,0.3,35.5,12.2,0.0,0.0,330.0,2012-01-04
66,귤,38.0,9.9,0.7,0.1,0.0,0.1,11.0,2012-01-06
67,귤쥬스,78.0,20.8,0.4,0.2,0.0,0.0,26.0,2012-01-04
68,근대,7.0,1.4,1.0,0.1,0.5,0.4,72.0,2012-01-17
69,근대된장국,36.1,5.3,3.7,0.8,0.1,0.8,868.0,2012-01-17
70,금귤,66.0,18.0,0.9,0.1,0.0,0.8,14.0,2012-01-04
71,기장,22.0,4.5,0.7,0.1,0.0,0.0,0.0,2012-01-06
72,김,2.0,0.9,0.7,0.0,0.0,0.1,0.0,2012-01-04
73,김구이,3.0,0.9,0.9,0.0,0.5,0.0,29.0,
74,김무침,74.0,5.7,5.2,6.2,2.3,0.4,363.0,2012-01-17
75,김밥,306.0,57.4,9.2,4.2,64.5,0.7,601.0,
76,김치(갓김치),14.0,3.0,1.4,0.3,0.0,0.6,319.0,2012-01-04
77,김치(고들빼기김치),26.0,4.8,1.6,1.1,0.0,1.0,892.0,2012-01-17
78,김치(깍두기),12.0,2.6,0.6,0.1,0.0,0.2,209.0,2012-01-04
79,김치(깻잎김치),19.0,3.4,1.4,0.6,0.0,0.7,852.0,2012-01-11
80,김치(나박김치),9.0,2.5,0.8,0.1,0.0,0.8,1256.0,2012-01-04
81,김치(동치미),11.0,3.0,0.7,0.1,0.0,0.5,609.0,
82,김치(무청김치),8.0,0.8,0.9,0.2,0.0,0.0,0.0,2012-01-17
83,김치(배추김치),7.0,1.6,0.8,0.2,0.0,0.5,458.0,
84,김치(백김치),7.0,1.8,0.6,0.1,0.0,0.5,380.0,2012-01-04
85,김치(부추김치),21.0,3.3,1.9,0.8,0.0,0.9,916.0,2012-01-17
86,김치(열무김치),13.0,3.0,1.1,0.2,0.0,0.5,218.0,2012-01-04
87,김치(오이김치),16.0,3.2,1.2,0.3,0.0,0.5,803.0,2012-01-04
88,김치(오이소박이),6.0,1.4,0.6,0.1,0.0,0.5,212.0,2012-01-04
89,김치(총각김치),15.0,3.0,0.9,0.2,0.0,0.2,1211.0,
90,김치(파김치),16.0,3.5,1.0,0.2,0.0,0.5,263.0,2012-01-04
91,김치국,21.3,2.2,2.5,0.8,1.8,0.6,705.0,2012-01-17
92,김치볶음,19.1,2.0,1.0,1.3,0.0,0.6,478.0,2012-01-04
93,김치볶음밥,480.8,93.0,9.6,6.8,5.0,1.2,733.0,2012-01-04
94,김치전,133.3,17.8,4.6,4.8,47.3,0.7,815.0,2012-01-17
95,김치찌개,88.1,4.0,7.2,5.7,11.4,1.0,942.0,
96,김튀김,208.2,25.8,7.5,11.6,2.9,0.6,172.0,2012-01-17
97,깨(검정깨),11.0,0.3,0.4,1.0,0.0,0.1,0.0,2012-01-06
98,깨(흰깨),12.0,0.4,0.4,1.1,0.0,0.1,0.0,
99,깨소금,12.0,0.3,0.4,1.1,0.0,0.1,0.0,2012-01-17
100,깻잎,5.0,1.2,0.6,0.1,0.0,0.3,0.0,2012-01-06
101,깻잎장아찌,6.0,0.6,0.3,0.0,0.0,0.1,0.0,2012-01-17
102,꼬막,20.0,0.3,3.5,0.5,13.4,0.0,0.0,2012-01-04
103,꼬막찜,34.0,2.0,3.9,1.1,6.3,0.2,73.0,2012-01-17
104,꽁치,74.0,0.0,8.8,3.9,31.1,0.0,36.0,2012-01-06
105,꽁치구이,98.0,0.1,10.0,6.0,35.3,0.0,378.0,
106,꽁치조림,60.0,1.8,6.6,2.8,21.6,0.3,137.0,2012-01-04
107,꽃게,33.0,0.9,6.2,0.4,36.0,0.0,137.0,2012-01-04
108,꽃게장,32.0,2.4,4.8,0.3,25.2,0.1,344.0,
109,꽃게탕,98.0,7.1,14.4,1.5,70.6,0.6,874.0,2012-01-04
110,꿀,59.0,15.9,0.0,0.0,0.0,0.0,1.0,
111,낙지,33.0,0.1,6.9,0.4,52.8,0.0,136.0,2012-01-04
112,낙지볶음,90.0,10.8,6.9,3.0,42.8,0.8,807.0,
113,냉이,9.0,1.6,1.4,0.2,0.0,0.5,5.0,2012-01-04
114,냉이된장국,43.0,5.1,4.6,1.1,2.9,0.8,891.0,2012-01-11
115,넙치(광어),52.0,0.2,10.2,0.9,35.5,0.0,80.0,2012-01-04
116,녹두,151.0,27.9,10.0,0.7,0.0,2.1,1.0,2012-01-06
117,녹두묵,11.0,0.0,0.0,0.0,0.0,0.0,5.0,
118,녹두빈대떡,198.4,21.8,9.0,8.8,7.9,1.0,591.0,
119,녹차,2.0,0.3,0.0,0.0,0.0,0.0,8.0,
120,녹차음료,2.0,0.4,0.0,0.0,0.0,0.0,9.0,2012-01-04
121,누룽지,109.7,24.3,1.8,0.1,0.0,0.1,2.0,2012-01-04
122,느타리버섯,6.0,1.5,0.7,0.0,0.0,0.2,1.0,
123,느타리버섯볶음,24.0,2.7,0.9,1.4,0.1,0.3,217.0,2012-01-04
124,늙은호박,16.0,4.5,0.5,0.1,0.0,0.5,1.0,2012-01-06
125,다랑어(냉동),34.0,0.0,7.4,0.3,15.0,0.0,12.0,2012-01-17
126,다랑어(통조림),59.0,0.0,3.6,4.7,7.6,0.0,87.0,
127,다시마,3.0,1.5,0.4,0.1,0.0,0.2,194.0,2012-01-04
128,다시마(말린것),1.0,0.5,0.1,0.0,0.0,0.0,31.0,2012-01-06
129,다시마튀각,68.0,7.2,1.2,4.1,0.0,0.6,360.0,
130,단무지,2.0,0.7,0.1,0.0,0.0,0.2,224.0,
131,단팥빵,249.0,44.6,6.5,5.2,3.4,0.8,143.0,
132,달걀,55.0,1.1,4.7,3.3,188.0,0.0,61.0,
133,달걀국,73.0,3.5,6.1,3.7,199.0,0.1,532.0,2012-01-04
134,달걀말이,74.2,2.0,4.9,5.0,191.5,0.1,305.0,
135,달걀부침(달걀후라이),73.3,1.3,5.3,5.0,210.7,0.0,121.0,2012-01-04
136,달걀찜,50.3,1.2,4.3,3.0,168.6,0.0,305.0,2012-01-04
137,달래,3.0,0.6,0.3,0.0,0.0,0.1,1.0,2012-01-04
138,달래된장찌개,30.0,2.9,2.7,1.2,0.0,0.3,448.0,2012-01-04
139,달래무침,32.0,3.0,1.1,2.2,0.0,0.5,61.0,2012-01-04
140,닭개장,141.1,5.9,13.1,7.8,92.6,1.1,573.0,2012-01-17
141,닭고기,171.0,0.9,18.1,10.1,71.3,0.0,63.0,2012-01-04
142,닭고기(가슴),198.0,0.6,17.9,12.9,74.1,0.0,55.0,
143,"닭고기(가슴,껍질제거)",97.0,1.1,22.1,0.4,71.3,0.0,39.0,2012-01-17
144,닭고기(날개),210.0,0.8,16.6,14.4,110.2,0.0,65.0,2012-01-04
145,닭고기(다리),120.0,0.8,17.3,4.1,78.9,0.0,109.0,
146,"닭고기(다리,껍질제거)",114.0,0.9,19.1,3.6,89.3,0.0,82.0,2012-01-11
147,닭도리탕,201.0,12.2,17.1,9.7,74.2,0.7,544.0,2012-01-04
148,닭볶음(닭갈비),322.7,20.7,23.4,16.8,102.9,1.0,913.0,2012-01-04
149,닭양념튀김,335.2,21.4,20.2,19.0,136.4,0.8,339.0,2012-01-04
150,닭죽,526.3,67.2,45.4,7.7,131.4,0.9,363.0,2012-01-04
151,닭찜,254.3,15.4,22.3,11.7,95.6,0.6,500.0,2012-01-04
152,닭튀김,328.4,7.4,24.9,21.3,163.8,0.0,662.0,2012-01-04
153,당근,3.0,0.7,0.1,0.0,0.0,0.1,2.0,
154,당면,70.0,17.2,0.0,0.0,0.0,0.0,1.0,
155,대구,72.0,0.2,15.8,0.5,60.3,0.0,107.0,2012-01-04
156,대구매운탕,119.0,9.1,18.2,2.3,53.6,1.5,485.0,2012-01-04
157,대두,57.0,4.7,5.3,2.7,0.0,0.7,0.0,
158,대추(건과),12.0,2.9,0.2,0.1,0.0,0.1,0.0,2012-01-04
159,더덕,11.0,2.5,0.8,0.1,0.0,0.3,1.0,2012-01-18
160,더덕무침,31.0,6.1,1.4,0.7,0.0,0.6,198.0,2012-01-18
161,도라지,29.0,7.2,0.7,0.1,0.0,0.5,7.0,2012-01-18
162,도라지나물,62.0,8.8,1.0,3.1,0.0,0.6,175.0,2012-01-18
163,도라지생채,41.0,9.5,1.2,0.6,0.0,0.7,264.0,2012-01-18
164,도우넛(링),309.0,30.5,5.5,19.5,82.5,0.2,270.0,2012-01-04
165,도우넛(팥),439.0,50.3,7.3,16.8,121.0,0.9,207.0,2012-01-04
166,도토리묵,30.0,7.1,0.1,0.1,0.0,0.1,39.0,
167,도토리묵무침,52.0,8.6,1.1,1.7,0.0,0.3,405.0,2012-01-11
168,돈까스,287.5,15.5,13.8,18.5,88.5,0.1,453.0,
169,돌나물,4.0,0.8,0.5,0.1,0.0,0.2,5.0,2012-01-04
170,돔(옥돔),55.0,0.1,8.9,1.9,38.0,0.0,40.0,2012-01-04
171,동부,9.0,1.7,0.7,0.0,0.0,0.1,0.0,2012-01-04
172,동태국,60.5,3.8,9.8,1.0,28.7,0.6,674.0,2012-01-04
173,동태조림,80.0,2.3,15.0,1.0,51.3,0.4,515.0,2012-01-11
174,동태찌개,71.1,4.5,11.0,1.4,31.3,0.6,437.0,
175,돼지갈비구이,375.0,16.4,28.0,21.5,79.0,0.1,872.0,2012-01-04
176,돼지갈비찜,324.4,9.4,26.0,20.0,87.0,0.3,745.0,2012-01-04
177,돼지고기,157.0,0.7,11.6,11.4,0.0,0.0,11.0,2012-01-04
178,돼지고기(갈비),270.0,1.3,24.1,18.1,89.7,0.0,79.0,
179,돼지고기(삼겹살),513.0,1.2,26.7,44.0,99.2,0.0,68.0,
180,돼지고기가공품(등심햄),20.0,0.5,2.5,0.6,6.3,0.0,162.0,2012-01-04
181,돼지고기가공품(런천미트),39.0,0.4,2.3,2.8,9.3,0.0,124.0,
182,돼지고기가공품(베이컨),17.0,0.4,1.6,0.9,7.1,0.0,133.0,2012-01-04
183,돼지고기가공품(비엔나소시지),105.0,1.0,4.8,8.5,17.5,0.0,293.0,
184,돼지고기가공품(프랑크프르트소시지),97.0,0.8,5.0,7.7,17.5,0.0,230.0,
185,돼지고기구이,427.3,1.8,28.4,32.4,89.6,0.0,1065.0,2012-01-04
186,돼지고기덮밥,660.3,99.8,22.7,17.2,46.3,0.9,831.0,2012-01-04
187,돼지고기볶음,260.0,10.1,15.4,17.6,44.2,0.6,562.0,2012-01-04
188,돼지고기장조림,91.0,2.6,6.4,5.8,19.3,0.1,233.0,2012-01-04
189,돼지고기찌개,136.2,5.1,10.0,8.7,24.6,0.6,686.0,2012-01-16
190,돼지불고기,256.0,11.7,13.9,17.2,40.4,0.6,379.0,2012-01-04
191,된장,24.0,2.7,2.0,0.7,0.0,0.3,898.0,2012-01-04
192,된장,13.0,1.5,1.1,0.4,0.0,0.1,499.0,2012-01-04
193,된장(가루된장),33.0,2.3,4.0,0.8,0.0,0.4,0.0,2012-01-17
194,된장국,60.0,5.6,5.6,2.2,2.3,0.4,688.0,2012-01-04
195,된장찌개,60.2,6.1,5.4,2.2,1.8,0.6,637.0,
196,두릅,13.0,2.2,2.2,0.2,1.5,0.8,3.0,2012-01-04
197,두릅무침,54.0,8.1,3.2,2.5,0.0,1.2,987.0,2012-01-16
198,두부,50.0,0.8,5.6,3.4,0.0,0.1,3.0,
199,두부김치,156.0,5.4,12.1,11.0,7.1,0.9,371.0,2012-01-04
200,두부부침,50.1,0.6,4.1,3.9,0.0,0.1,111.0,2012-01-06
201,두부조림,89.4,3.3,8.2,5.9,0.0,0.5,355.0,
202,두부찌개,88.0,5.6,8.5,4.7,0.7,0.4,285.0,2012-01-04
203,두유음료,144.0,9.6,9.0,7.4,0.0,0.0,277.0,
204,들기름,35.0,0.0,0.0,4.0,0.0,0.0,0.0,2012-01-17
205,들깨,8.0,0.8,0.3,0.7,0.0,0.6,0.0,2012-01-04
206,들미나리,5.0,1.1,0.7,0.1,0.0,0.4,5.0,2012-01-04
207,딸기,26.0,6.7,0.6,0.2,0.0,0.4,10.0,2012-01-04
208,딸기잼,49.0,12.6,0.1,0.0,0.0,0.1,1.0,2012-01-04
209,땅콩,74.0,2.8,3.3,6.3,0.0,0.4,0.0,
210,땅콩버터,30.0,1.6,0.6,2.6,0.0,0.1,23.0,2012-01-04
211,떡국,399.0,79.3,11.2,3.4,70.3,0.1,1109.0,2012-01-04
212,떡만두국,470.0,73.3,15.6,12.3,50.7,0.4,1067.0,2012-01-04
213,떡볶이,170.0,34.1,4.7,1.9,5.6,0.4,457.0,2012-01-04
214,라면,521.0,81.6,13.2,19.8,75.9,0.7,1339.0,
215,롤빵,142.0,21.9,4.5,4.1,0.5,0.0,221.0,2012-01-04
216,롤케익,219.0,28.9,4.5,9.9,0.0,0.1,69.0,2012-01-06
217,마가린,36.0,0.0,0.0,4.1,0.1,0.0,22.0,2012-01-17
218,마늘,13.0,3.0,0.5,0.0,0.0,0.1,0.0,
219,마늘장아찌,5.5,1.2,0.4,0.0,0.0,0.1,8.0,2012-01-04
220,마늘쫑무침,14.0,2.4,0.5,0.6,0.0,0.3,75.0,
221,마늘쫑볶음,31.0,4.0,0.8,1.8,0.0,0.7,59.0,2012-01-04
222,마늘쫑장아찌,5.5,1.4,0.3,0.0,0.0,0.2,1.0,2012-01-04
223,마요네즈,74.0,0.9,0.1,7.5,21.2,0.0,46.0,
224,마파두부,59.0,3.4,4.0,3.7,2.5,0.3,360.0,2012-01-04
225,막걸리,184.0,7.2,6.4,0.0,0.0,0.0,24.0,
226,만두국,473.0,42.4,24.9,22.8,149.8,0.7,2190.0,2012-01-04
227,맛술(미림),7.0,1.8,0.0,0.0,0.0,0.0,2.0,2012-01-17
228,맥주,131.0,9.9,1.1,0.0,0.0,0.0,18.0,2012-01-04
229,머위,9.0,1.9,1.2,0.1,0.0,0.4,6.0,2012-01-04
230,머위나물,29.0,3.0,1.6,1.8,0.0,0.7,136.0,2012-01-04
231,멍게,21.0,2.0,1.8,0.5,16.7,0.0,0.0,2012-01-04
232,메기,86.0,0.1,11.3,4.0,48.0,0.0,35.0,2012-01-04
233,메기매운탕,103.0,4.6,11.9,4.5,37.6,0.7,726.0,2012-01-04
234,메밀국수(건면),447.0,86.7,18.2,3.0,0.0,0.0,1105.0,2012-01-04
235,메추라기알,70.0,0.9,5.0,4.8,188.0,0.0,62.0,2012-01-04
236,메추라기알장조림,88.0,4.4,5.9,4.9,207.3,0.0,613.0,2012-01-04
237,"멸치(자건품, 중)",12.0,0.2,1.9,0.3,5.7,0.0,43.0,
238,멸치볶음,47.0,2.1,4.2,2.3,9.5,0.0,146.0,
239,명란알,28.0,0.3,5.6,0.4,85.0,0.0,41.0,2012-01-16
240,명란젓,18.0,0.4,3.1,0.5,52.5,0.0,530.0,2012-01-16
241,명태(동태),37.0,0.1,8.0,0.3,29.0,0.0,105.0,
242,명태(북어),58.0,0.0,12.3,0.6,59.4,0.0,99.0,2012-01-06
243,모듬회,185.0,6.4,32.4,3.0,109.1,0.4,740.0,2012-01-04
244,모밀국수,472.0,92.4,20.6,3.2,2.6,0.7,1462.0,2012-01-04
245,모시조개젓,5.0,0.2,0.9,0.1,4.4,0.0,0.0,2012-01-16
246,목이버섯(말린것),5.0,1.4,0.2,0.0,0.0,0.2,1.0,2012-01-17
247,무,28.0,6.8,1.2,0.1,0.0,0.5,9.0,
248,무국,61.4,10.8,4.3,0.9,5.0,0.8,418.0,2012-01-17
249,무나물,53.0,6.5,1.3,3.0,0.0,0.5,226.0,2012-01-04
250,무된장국,56.0,10.3,3.6,0.7,1.8,0.8,674.0,2012-01-17
251,무말랭이,11.0,2.6,0.4,0.1,0.0,0.3,5.0,2012-01-04
252,무말랭이무침,23.3,4.3,0.8,0.7,0.0,0.5,93.0,
253,무말랭이장아찌,19.0,3.5,0.7,0.6,0.0,0.4,228.0,2012-01-04
254,무생채,55.0,9.1,1.6,2.1,0.0,0.8,277.0,
255,무장아찌(무초절임),13.2,1.7,0.3,0.9,0.0,0.2,198.0,2012-01-17
256,무짠지,3.0,0.8,0.1,0.0,0.0,0.2,256.0,2012-01-17
257,무청,11.0,2.7,1.2,0.1,0.0,0.6,22.0,2012-01-04
258,문어,7.0,0.0,1.6,0.1,9.0,0.0,21.0,2012-01-04
259,물냉면,583.0,89.0,33.1,10.3,198.5,2.2,4067.0,2012-01-04
260,물엿,59.0,15.1,0.0,0.0,0.0,0.0,0.0,2012-01-17
261,미꾸라지,58.0,0.1,9.7,1.7,106.2,0.0,51.0,2012-01-04
262,미나리나물,18.5,1.9,0.7,1.3,0.0,0.4,114.0,2012-01-04
263,미나리무침,21.0,2.7,0.7,1.2,0.0,0.4,175.0,2012-01-04
264,미더덕,8.0,0.4,1.0,0.2,3.2,0.0,43.0,2012-01-06
265,미숫가루,85.0,14.9,3.1,1.1,0.0,0.3,6.0,2012-01-17
266,미역(말린것),6.0,2.2,1.2,0.2,0.0,0.1,366.0,2012-01-04
267,미역(생것),3.0,1.5,0.6,0.1,0.0,0.2,0.0,2012-01-04
268,미역국,20.4,2.4,2.1,1.2,1.8,0.1,780.0,2012-01-04
269,미역줄기볶음,12.0,1.5,0.6,0.9,0.0,0.2,271.0,2012-01-17
270,미역초무침,23.1,4.4,0.8,1.0,0.0,0.3,256.0,2012-01-17
271,밀가루(중력분),170.0,33.3,5.2,0.5,0.0,0.1,9.0,
272,바나나,108.0,28.5,1.6,0.3,0.0,0.3,3.0,
273,바지락조개(모시조개),24.0,1.0,4.0,0.3,8.8,0.0,130.0,2012-01-06
274,밤,16.0,3.7,0.3,0.1,0.0,0.1,0.0,
275,배,59.0,16.4,0.5,0.2,0.0,0.9,5.0,
276,배추,6.0,1.7,0.5,0.0,0.0,0.4,18.0,
277,배추겉절이,33.4,3.5,1.1,2.3,0.0,0.7,502.0,2012-01-04
278,배추나물,13.0,1.6,0.6,0.8,0.0,0.3,171.0,2012-01-04
279,백미,289.0,64.0,5.0,0.3,0.0,0.2,6.0,
280,백미죽,194.6,43.0,3.2,0.2,0.0,0.2,4.0,
281,백설기,222.0,49.3,3.3,0.8,0.0,0.1,222.0,
282,백합,19.0,0.9,2.9,0.3,11.0,0.0,0.0,2012-01-17
283,뱅어포,36.0,0.1,6.0,1.1,83.4,0.0,68.0,2012-01-17
284,버섯볶음,26.1,2.5,0.9,1.8,0.1,0.3,164.0,2012-01-04
285,버터,37.0,0.0,0.0,4.2,10.0,0.0,36.0,2012-01-04
286,보리,34.0,7.7,0.9,0.1,0.0,0.1,0.0,
287,보리밥,380.6,84.2,6.8,0.5,0.0,0.3,7.0,2012-01-04
288,보신탕,154.0,7.5,11.0,10.0,19.8,1.4,671.0,
289,보쌈,202.0,12.4,28.4,5.3,74.6,1.8,1878.0,
290,복매운탕,93.0,6.3,15.9,1.5,43.2,1.4,644.0,2012-01-17
291,복숭아(통조림),88.0,24.0,0.3,0.1,0.0,0.5,8.0,2012-01-04
292,복어,80.0,0.1,16.9,0.9,56.7,0.0,137.0,2012-01-04
293,복지리,123.0,6.2,22.1,1.9,64.6,0.7,411.0,
294,볶음밥,461.5,71.6,12.0,12.7,129.7,0.5,587.0,2012-01-04
295,볼락,46.0,0.0,8.0,1.3,33.8,0.0,34.0,2012-01-04
296,부대찌개,171.3,13.3,9.1,9.8,16.9,0.9,778.0,2012-01-04
297,부추,6.0,1.2,0.9,0.2,0.0,0.3,2.0,2012-01-04
298,부추무침,24.3,3.3,1.7,1.1,0.0,0.7,390.0,2012-01-04
299,부추전,158.0,21.8,4.6,5.3,24.8,0.4,317.0,2012-01-04
300,부추전(가정식),263.0,36.4,7.7,8.9,41.4,0.6,528.0,
301,부추전(외식),44.0,6.1,1.3,1.5,6.9,0.1,88.0,2012-01-04
302,북어국,112.4,2.8,16.3,3.8,119.9,0.2,861.0,
303,북어조림,77.0,3.0,13.9,0.7,44.5,0.0,341.0,2012-01-17
304,북어찜,120.0,5.8,18.7,2.4,57.7,0.4,572.0,2012-01-04
305,분말조미료(쇠고기),2.0,0.3,0.1,0.0,0.0,0.0,262.0,2012-01-17
306,불고기,197.5,6.9,17.4,10.9,53.0,0.2,700.0,
307,불고기(가정식),132.0,4.6,11.6,7.3,35.3,0.2,466.0,2012-01-04
308,불고기(외식),230.4,8.1,20.3,12.8,61.8,0.3,816.0,2012-01-04
309,붉은고추,1.0,0.2,0.1,0.0,0.0,0.1,0.0,2012-01-04
310,브로콜리,8.0,1.5,1.5,0.1,0.0,0.4,3.0,
311,비름,12.0,2.0,1.3,0.3,0.0,0.3,2.0,2012-01-17
312,비름나물,29.0,2.9,1.7,1.8,0.0,0.4,153.0,2012-01-17
313,비빔국수,599.0,117.2,17.0,5.8,62.0,1.5,2933.0,2012-01-04
314,비빔냉면,552.0,96.1,25.6,7.7,117.3,0.9,1354.0,2012-01-04
315,비빔밥,588.9,95.1,20.5,14.1,214.7,1.8,883.0,
316,비스킷(소프트),131.0,15.7,1.4,6.9,5.5,0.0,55.0,2012-01-04
317,비스킷(하드),86.0,15.6,1.5,2.0,4.4,0.0,64.0,2012-01-04
318,빵가루,28.0,5.8,1.1,0.3,0.0,0.0,43.0,2012-01-17
319,사과,69.0,18.2,0.3,0.6,0.0,0.8,11.0,
320,사우전드아일랜드드레싱,72.0,1.7,0.1,7.3,39.0,0.1,114.0,2012-01-17
321,사이다,100.0,25.3,0.0,0.0,0.0,0.0,13.0,2012-01-04
322,사탕,24.0,5.9,0.0,0.0,0.0,0.0,2.0,
323,삼겹살구이,610.4,1.5,31.7,52.4,118.0,0.0,843.0,2012-01-04
324,삼계탕(닭백숙),395.0,32.0,30.4,15.4,134.5,0.6,857.0,2012-01-04
325,삼치,55.0,0.0,7.6,2.4,28.8,0.0,23.0,2012-01-17
326,삼치구이,77.0,0.0,8.6,4.4,32.6,0.0,282.0,2012-01-04
327,삼치조림,72.5,4.3,8.5,2.6,27.7,0.6,391.0,2012-01-12
328,상추,2.0,0.4,0.3,0.1,0.0,0.2,2.0,2012-01-04
329,상추겉절이,34.0,2.8,1.3,2.5,0.0,0.6,490.0,2012-01-17
330,새우(중하),33.0,0.0,7.0,0.3,45.5,0.0,95.0,2012-01-04
331,"새우(중하,자건품)",15.0,0.1,2.7,0.3,19.1,0.0,0.0,2012-01-04
332,새우볶음,9.1,0.4,1.4,0.2,9.8,0.0,39.0,2012-01-04
333,새우젓,2.0,0.1,0.4,0.0,6.9,0.0,325.0,2012-01-04
334,새우젓무침,2.4,0.1,0.4,0.1,3.1,0.0,311.0,
335,샌드위치,358.0,35.0,12.8,18.4,191.2,0.3,439.0,
336,생강,1.0,0.1,0.0,0.0,0.0,0.0,0.0,2012-01-06
337,생선가스,116.0,6.2,9.7,5.7,68.3,0.0,301.0,2012-01-04
338,생선전,66.1,3.2,5.2,3.4,52.8,0.0,229.0,2012-01-04
339,생선초밥,454.2,74.8,25.4,4.2,119.7,0.4,341.0,2012-01-04
340,샤베트,102.0,23.0,0.7,0.8,4.8,0.0,10.0,2012-01-04
341,선짓국,70.0,4.0,9.9,1.9,28.0,0.6,617.0,2012-01-17
342,설렁탕,171.1,18.9,13.0,4.8,37.5,0.4,1653.0,2012-01-04
343,설탕(백설탕),46.0,12.0,0.0,0.0,0.0,0.0,0.0,
344,설탕(황설탕),46.0,11.9,0.0,0.0,0.0,0.0,1.0,2012-01-04
345,셀러리,2.0,0.5,0.2,0.0,0.0,0.1,14.0,2012-01-04
346,소금,0.0,0.0,0.0,0.0,0.0,0.0,336.0,2012-01-04
347,소라,19.0,0.5,3.6,0.2,21.2,0.0,92.0,2012-01-04
348,소면(건면),490.0,104.4,11.7,0.3,0.0,0.3,1945.0,
349,소주,63.0,0.0,0.0,0.0,0.0,0.0,0.0,2012-01-04
350,소주,282.0,0.0,0.0,0.0,0.0,0.0,0.0,2012-01-04
351,송편(깨),95.0,20.5,1.6,0.6,0.0,0.1,97.0,2012-01-04
352,"쇠고기,수입우(갈비)",263.0,0.9,18.5,19.5,55.0,0.0,41.0,2012-01-04
353,"쇠고기,수입우(등심)",101.0,0.4,7.9,7.2,27.0,0.0,20.0,2012-01-04
354,"쇠고기,수입우(사태)",42.0,0.3,6.2,1.6,18.6,0.0,18.0,2012-01-16
355,"쇠고기,수입우(양지)",53.0,0.4,7.4,2.3,18.6,0.0,17.0,2012-01-16
356,"쇠고기,수입우(우둔)",34.0,0.3,5.5,1.1,13.8,0.0,11.0,2012-01-17
357,"쇠고기,한우",48.0,0.2,4.8,2.8,0.0,0.0,65.0,2012-01-04
358,"쇠고기,한우(등심)",86.0,0.5,9.0,5.1,28.8,0.0,199.0,
359,"쇠고기,한우(사태)",46.0,0.3,7.1,1.6,17.2,0.0,26.0,
360,"쇠고기,한우(양지)",58.0,0.4,7.5,2.8,17.9,0.0,126.0,
361,쇠고기국,66.0,3.2,7.7,2.7,20.2,0.4,546.0,
362,쇠고기미역국,63.0,3.7,7.3,3.4,16.3,0.2,1056.0,2012-01-04
363,쇠고기부산물(간),39.0,0.4,5.7,1.4,73.8,0.0,20.0,2012-01-17
364,쇠고기부산물(곱창),56.0,0.2,3.6,4.5,69.6,0.0,18.0,2012-01-17
365,쇠고기부산물(선지),20.0,1.0,4.0,0.0,13.6,0.0,239.0,2012-01-17
366,쇠고기산적,104.0,9.1,6.5,4.6,31.6,0.3,242.0,2012-01-04
367,쇠고기전골,104.0,6.1,8.7,5.5,23.3,0.8,367.0,2012-01-04
368,수박,31.0,6.9,1.0,0.5,0.0,0.3,1.0,2012-01-06
369,수수,25.0,5.2,0.7,0.2,0.0,0.0,0.0,2012-01-04
370,수수밥,465.8,103.5,8.6,1.0,0.0,0.8,9.0,2012-01-17
371,수육(쇠고기),127.1,3.2,18.8,4.2,60.4,0.1,66.0,2012-01-04
372,수제비,453.2,14.3,2.8,0.2,94.4,0.0,0.0,2012-01-04
373,숙주나물,4.0,0.6,0.8,0.0,0.0,0.1,1.0,
374,숙주나물,15.1,1.1,1.1,1.0,0.0,0.2,260.0,2012-01-04
375,순대,64.1,1.1,0.8,3.1,0.0,0.6,848.0,
376,순대국,127.0,11.3,6.7,5.1,44.3,0.9,272.0,2012-01-04
377,순두부,40.0,0.9,4.0,2.7,0.0,0.1,5.0,
378,순두부찌개,80.3,4.3,7.7,4.3,75.5,0.6,374.0,2012-01-04
379,스낵과자(밀가루),145.0,20.6,2.2,5.9,0.0,0.1,213.0,2012-01-04
380,스낵과자(옥수수),237.0,29.4,2.3,12.2,0.0,0.0,212.0,2012-01-04
381,스파게티,514.4,85.9,16.5,9.9,11.3,0.5,419.0,2012-01-04
382,스파게티(건면),309.0,63.4,9.5,0.2,0.0,0.2,16.0,2012-01-04
383,스프,152.2,22.2,3.4,6.2,14.2,1.0,61.0,2012-01-04
384,시금치,14.0,2.7,1.4,0.2,0.0,0.4,24.0,
385,시금치나물,26.0,3.1,1.7,1.3,0.0,0.4,154.0,2012-01-04
386,시금치된장국,35.1,5.1,3.4,0.8,1.4,0.6,621.0,
387,시래기된장국,38.0,5.4,3.7,0.8,1.9,0.8,784.0,2012-01-17
388,시리얼(콘푸레이크),93.0,21.7,1.7,0.2,0.0,0.6,248.0,
389,식빵,156.0,28.1,4.6,2.9,8.3,0.2,36.0,
390,식초,1.0,0.2,0.0,0.0,0.0,0.0,0.0,
391,식혜,89.0,26.6,0.5,0.0,0.0,0.0,10.0,
392,쌀과자,183.0,31.3,1.3,6.4,0.0,1.6,90.0,2012-01-17
393,쌀밥,405.0,89.5,6.6,0.4,0.0,0.3,8.0,
394,쌈장,35.0,5.3,1.8,0.8,0.0,0.3,592.0,2012-01-04
395,쌍화차(분말),74.0,17.5,0.5,0.2,0.0,0.0,27.0,2012-01-17
396,쑥,31.0,9.0,2.4,0.0,0.0,2.1,5.0,2012-01-06
397,쑥갓,1.0,0.2,0.2,0.0,0.0,0.1,2.0,2012-01-04
398,쑥된장국,52.5,11.7,4.5,0.5,1.7,2.5,513.0,2012-01-17
399,씀바귀,12.0,2.8,0.9,0.1,0.0,0.4,11.0,2012-01-04
400,씀바귀나물,43.0,6.1,1.6,2.2,0.0,0.6,376.0,2012-01-17
401,아구찜,89.0,5.6,12.5,2.5,39.3,1.1,350.0,2012-01-04
402,아귀,48.0,0.2,10.1,0.4,38.5,0.0,91.0,2012-01-04
403,아몬드,48.0,1.6,1.5,4.3,0.0,0.0,0.0,
404,아스파라거스,0.0,0.1,0.1,0.0,0.0,0.0,0.0,2012-01-04
405,아욱,10.0,1.3,1.8,0.3,0.0,0.5,18.0,2012-01-17
406,아욱된장국,39.2,4.2,5.2,1.0,9.7,0.8,663.0,2012-01-17
407,아이스크림,216.0,27.8,4.7,9.6,38.4,0.0,132.0,
408,"아이스크림(소프트,바닐라)",178.0,17.8,3.3,10.4,37.6,0.0,49.0,2012-01-04
409,아이스크림바(초콜렛),173.0,22.6,3.0,8.8,37.6,0.0,61.0,2012-01-04
410,아이스크림콘(바닐라),167.0,22.0,2.7,7.7,24.4,0.0,84.0,2012-01-04
411,약과,255.0,43.0,2.3,8.0,42.6,0.5,20.0,2012-01-04
412,양념꽃게장,39.2,3.9,5.3,0.5,23.7,0.5,709.0,2012-01-04
413,양배추,6.0,1.6,0.2,0.0,0.0,0.2,2.0,
414,양배추샐러드,56.0,2.9,0.3,4.8,13.6,0.2,52.0,
415,양상추,3.0,0.8,0.3,0.0,0.0,0.2,2.0,2012-01-04
416,양송이버섯,2.0,0.5,0.4,0.0,0.0,0.1,1.0,
417,양주(위스키),71.0,0.0,0.0,0.0,0.0,0.0,1.0,2012-01-04
418,양파,3.0,0.8,0.1,0.0,0.1,0.0,0.0,2012-01-04
419,어묵,35.0,4.4,3.0,0.6,4.1,0.0,187.0,
420,어묵국,53.0,7.0,4.6,0.9,10.5,0.2,368.0,
421,어묵볶음,88.7,10.1,5.5,3.1,12.3,0.1,526.0,
422,어패류액젓(멸치액젓),1.0,0.0,0.2,0.0,4.0,0.0,171.0,
423,어패류액젓(어란젓),12.0,0.2,1.5,0.5,17.5,0.0,0.0,
424,어패류액젓(창란젓),12.0,0.8,1.3,0.3,16.5,0.0,1.0,
425,연근,17.0,4.1,0.5,0.0,0.0,0.2,9.0,2012-01-04
426,연근조림,24.0,5.2,0.8,0.3,0.0,0.4,182.0,2012-01-04
427,연두부,45.0,0.9,5.7,2.6,0.0,0.1,6.0,2012-01-04
428,연두부찌개,88.2,2.8,9.5,5.0,77.8,0.2,128.0,2012-01-17
429,연어(훈제),34.0,0.1,4.6,1.5,9.0,0.0,159.0,2012-01-04
430,열무,6.0,1.3,1.1,0.0,0.0,0.4,16.0,2012-01-06
431,엿,127.0,31.4,0.7,0.0,0.0,0.0,3.0,2012-01-04
432,오곡밥,334.1,72.5,7.0,0.8,0.0,0.7,222.0,2012-01-04
433,오렌지,86.0,22.4,1.8,0.2,0.0,0.6,2.0,2012-01-04
434,오렌지주스,84.0,21.0,1.4,0.4,0.0,0.0,4.0,
435,오리고기,525.0,1.7,26.4,45.5,132.0,0.0,140.0,2012-01-04
436,오리고기로스,508.1,2.0,25.5,43.9,127.3,0.1,834.0,2012-01-04
437,오므라이스,519.4,90.8,14.6,9.7,206.8,0.9,858.0,2012-01-04
438,오이,4.0,0.9,0.3,0.0,0.0,0.2,2.0,
439,오이생채,7.1,1.2,0.3,0.3,0.0,0.2,258.0,2012-01-04
440,오이생채(가정식),6.5,1.1,0.2,0.3,0.0,0.2,235.0,2012-01-17
441,오이생채(단체급식),12.0,1.9,0.4,0.6,0.0,0.4,423.0,2012-01-17
442,오이지,1.0,0.3,0.1,0.0,0.0,0.1,217.0,2012-01-04
443,오이지무침,7.1,1.2,0.3,0.3,0.0,0.2,258.0,2012-01-04
444,오이피클,33.7,9.3,0.2,0.1,0.0,0.2,244.0,2012-01-04
445,오징어,33.0,0.0,6.8,0.5,102.9,0.0,63.0,
446,오징어(말린것),53.0,0.0,10.2,1.0,127.0,0.0,147.0,
447,오징어국,62.0,3.7,10.2,0.8,141.7,0.6,494.0,2012-01-17
448,오징어덮밥,455.6,84.2,23.7,1.9,249.3,1.4,736.0,2012-01-04
449,오징어무침,40.0,2.8,6.1,0.6,85.8,0.3,319.0,2012-01-04
450,오징어볶음,95.0,6.8,10.6,3.2,147.8,0.5,338.0,
451,오징어젓무침,15.4,0.4,2.8,0.2,29.3,0.0,777.0,2011-12-27
452,오징어찌개,38.0,1.8,6.6,0.5,93.9,0.2,216.0,2012-01-17
453,오징어채무침,98.3,5.7,13.5,2.5,176.4,0.2,416.0,2012-01-17
454,오징어채볶음,108.0,5.3,14.2,3.2,189.6,0.1,485.0,
455,오징어튀김,46.0,2.3,4.5,1.9,63.5,0.0,39.0,2012-01-04
456,오징어포조림,31.0,2.0,4.4,0.6,58.2,0.0,137.0,2012-01-17
457,옥수수기름,35.0,0.0,0.0,4.0,0.0,0.0,0.0,2012-01-17
458,옥수수통조림,10.0,2.2,0.3,0.1,0.0,0.1,29.0,2012-01-04
459,옥수수튀밥,90.0,19.1,2.9,1.0,0.0,0.8,1.0,2012-01-17
460,올리브,4.0,1.0,0.1,0.1,0.0,0.2,2.0,2012-01-04
461,올리브유,37.0,0.0,0.0,4.0,0.0,0.0,0.0,2012-01-04
462,완두콩,8.0,1.5,0.6,0.0,0.0,0.2,0.0,2012-01-06
463,완자전,84.0,2.5,4.6,6.1,35.1,0.1,125.0,
464,요구르트(액상),98.0,22.4,2.3,0.2,0.0,0.0,93.0,
465,"요구르트(호상, 딸기)",109.0,17.7,3.5,3.0,12.1,0.1,58.0,
466,요구르트음료,55.0,12.5,1.3,0.1,0.0,0.0,52.0,
467,우거지국,30.0,3.0,3.1,0.9,5.0,0.5,542.0,2012-01-04
468,우동,370.0,56.6,20.2,5.9,148.9,0.4,2321.0,
469,우동국수(생면),177.0,36.8,4.4,0.5,0.0,0.2,192.0,2012-01-04
470,우스터소스,4.0,0.9,0.0,0.0,0.0,0.0,84.0,2012-01-17
471,우엉,10.0,2.3,0.5,0.0,0.0,0.2,1.0,2012-01-06
472,우엉조림,44.0,8.6,1.4,1.0,0.0,0.7,246.0,2012-01-04
473,우유,120.0,9.4,6.4,6.4,22.0,0.0,110.0,
474,유부,48.0,4.0,4.6,2.2,0.0,0.5,1.0,2012-01-04
475,유부초밥,463.4,81.3,16.5,8.2,0.0,1.6,444.0,
476,유자차(분말),25.0,6.3,0.0,0.0,0.0,0.1,0.0,2012-01-17
477,육개장,86.0,6.2,8.6,3.8,45.9,1.1,621.0,2012-01-04
478,율무차(분말),60.0,11.5,1.1,1.1,0.0,0.1,59.0,2012-01-17
479,은행,9.0,1.9,0.3,0.1,0.0,0.0,0.0,2012-01-04
480,이온스포츠음료,63.0,15.8,0.0,0.0,0.0,0.0,100.0,
481,인삼차(과립),28.0,6.8,0.1,0.0,0.0,0.0,2.0,2012-01-17
482,인절미,109.0,22.4,2.5,0.9,0.0,0.2,174.0,
483,임연수구이,102.0,0.0,10.3,6.3,35.0,0.0,197.0,2012-01-17
484,임연수어,83.0,0.0,9.9,4.4,33.5,0.0,55.0,2012-01-17
485,자장면,794.0,113.9,22.2,26.0,17.6,0.8,1131.0,
486,자장소스,33.0,4.4,2.4,0.8,0.0,0.2,581.0,2012-01-04
487,잔멸치볶음,16.0,0.8,1.5,0.7,3.8,0.0,56.0,2012-01-16
488,잔치국수,638.0,118.7,22.5,6.6,135.6,1.6,3489.0,2012-01-04
489,잡채,189.4,28.5,4.4,7.0,8.8,0.5,489.0,
490,잡채밥,447.4,75.4,9.5,11.0,13.5,0.5,469.0,2012-01-04
491,잣,20.0,0.3,0.4,2.0,0.0,0.0,0.0,2012-01-04
492,장어(갯장어),156.0,0.1,15.7,9.5,60.0,0.0,52.0,2012-01-04
493,장어양념구이,220.0,12.8,16.5,11.5,58.9,0.6,537.0,2012-01-04
494,장조림,45.0,2.4,6.1,1.2,17.1,0.0,388.0,
495,"재첩(재치조개,갱조개)",33.0,2.0,4.4,0.7,26.6,0.0,137.0,2012-01-17
496,적포도주,84.0,5.8,0.2,0.0,0.0,0.0,7.0,2012-01-04
497,전복,9.0,0.5,1.5,0.1,13.5,0.0,0.0,2012-01-04
498,전복죽,184.6,32.0,5.1,3.4,25.9,0.1,276.0,2012-01-04
499,전분,17.0,4.1,0.0,0.0,0.0,0.0,0.0,2012-01-17
500,절편,110.0,21.9,2.2,0.4,0.0,0.1,93.0,
501,제육(돼지고기),124.0,2.7,21.7,2.8,59.5,0.1,47.0,2012-01-04
502,조개국,28.0,1.5,4.5,0.3,9.6,0.0,292.0,
503,조기,42.0,0.0,8.2,0.8,39.2,0.0,70.0,
504,조기구이,112.0,0.0,18.3,3.8,64.9,0.0,368.0,
505,조기매운탕,80.1,5.4,12.6,1.4,40.1,0.9,690.0,2012-01-17
506,조기찜,73.0,0.8,13.6,1.4,47.6,0.1,143.0,2012-01-04
507,조기튀김,73.4,3.0,7.1,3.4,30.0,0.0,215.0,2012-01-04
508,조미분,2.0,0.3,0.2,0.0,0.0,0.0,0.0,2012-01-17
509,조미소,2.0,0.2,0.5,0.0,0.0,0.0,159.0,2012-01-17
510,족발,165.0,0.3,15.5,11.6,60.8,0.0,76.0,2012-01-04
511,주꾸미,23.0,0.2,4.9,0.2,135.5,0.0,0.0,2012-01-17
512,죽순,3.0,0.5,0.7,0.1,0.0,0.3,2.0,2012-01-04
513,중국국수(생면),393.0,78.0,12.0,1.7,0.0,0.0,574.0,2012-01-17
514,쥐치(말린것),50.0,5.1,6.3,0.3,14.1,0.0,226.0,2012-01-04
515,짬뽕,555.0,83.7,21.2,14.4,91.4,1.3,1592.0,
516,쫄면,580.3,95.6,15.4,4.4,101.7,1.3,897.0,2012-01-04
517,차조,23.0,4.6,0.6,0.3,0.0,0.1,0.0,2012-01-04
518,차조밥,383.9,84.2,6.6,0.7,0.0,0.4,7.0,2012-01-17
519,찰밥,387.9,85.3,7.1,0.4,0.0,0.5,5.0,2012-01-04
520,찰옥수수,126.0,26.5,4.4,1.1,0.0,0.5,1.0,2012-01-06
521,참기름,35.0,0.0,0.0,4.0,0.0,0.0,0.0,
522,참나물,42.1,5.5,2.6,2.2,0.0,1.1,569.0,2012-01-17
523,참나물,13.0,3.0,1.4,0.2,0.0,0.7,2.0,2012-01-17
524,참외,25.0,10.5,3.1,0.6,0.0,7.6,14.0,2012-01-06
525,참치찌개,83.0,1.6,5.2,6.1,9.7,0.3,397.0,2012-01-17
526,찹쌀,56.0,12.3,1.1,0.1,0.0,0.1,0.0,2012-01-06
527,찹쌀떡,165.0,35.3,3.4,1.0,0.0,0.4,113.0,2012-01-04
528,청국장,31.0,0.5,3.5,1.5,0.0,0.5,1082.0,2012-01-04
529,청국장찌개,79.0,2.5,8.5,4.2,2.4,0.9,1457.0,2012-01-04
530,청주,48.0,1.9,0.3,0.0,0.0,0.0,1.0,2012-01-04
531,청주,193.0,7.6,1.1,0.0,0.0,0.0,4.0,2012-01-04
532,청포묵무침,33.4,0.6,1.2,1.9,15.4,0.1,212.0,2012-01-04
533,초고추장,30.0,8.2,0.8,0.0,0.0,0.2,564.0,2012-01-04
534,초코바,248.0,32.0,4.5,11.6,4.5,0.0,161.0,2012-01-04
535,초코파이,153.0,22.3,1.5,6.6,14.7,0.0,73.0,
536,초콜릿,98.0,13.0,2.0,9.2,16.0,0.0,23.0,
537,추어탕,94.1,6.4,12.0,3.0,104.6,1.3,764.0,
538,취나물,14.0,3.2,1.5,0.2,0.0,0.8,7.0,2012-01-04
539,취나물,30.0,3.4,1.6,1.8,0.0,0.7,106.0,2012-01-04
540,취나물(말린것),23.0,5.4,2.2,0.2,0.0,1.1,0.0,2012-01-17
541,치즈,64.0,0.3,5.3,4.6,16.0,0.0,62.0,
542,"치즈,가공치즈",62.0,1.1,3.7,4.8,16.0,0.0,227.0,2012-01-04
543,"치즈,모짜렐라",32.0,1.9,2.6,1.5,2.1,0.0,98.0,2012-01-04
544,치커리,1.0,0.3,0.2,0.0,0.0,0.1,0.0,2012-01-04
545,카라멜,41.0,8.0,0.2,1.1,0.9,0.0,10.0,2012-01-17
546,카레(분말),32.0,4.7,0.8,1.2,0.0,0.1,376.0,2012-01-04
547,카레라이스,433.8,75.0,12.2,8.8,15.3,0.8,1180.0,2012-01-04
548,카스테라,162.0,27.6,3.4,4.3,129.0,0.1,53.0,2012-01-04
549,칼국수,425.0,94.5,13.4,2.6,4.3,0.6,3344.0,
550,칼국수(반건),226.0,51.8,5.8,1.3,0.0,0.2,1591.0,2012-01-04
551,캔커피,20.0,8.8,1.1,0.7,0.0,0.0,92.0,2012-01-17
552,커피(분말크림),29.0,3.6,0.5,1.4,0.0,0.0,13.0,2012-01-17
553,커피(설탕),19.0,4.4,0.4,0.0,0.0,0.0,1.0,2012-01-04
554,"커피(설탕,분말크림)",40.0,6.6,0.5,1.4,0.0,0.0,13.0,2012-01-04
555,"커피(원두,블랙)",6.0,1.1,0.3,0.0,0.0,0.0,2.0,2012-01-04
556,커피믹스,54.0,9.2,0.6,1.8,0.0,0.0,16.0,2012-01-17
557,커피분말,7.0,1.4,0.4,0.0,0.0,0.0,1.0,2012-01-17
558,커피프림,33.0,3.4,0.2,2.1,0.0,0.0,18.0,
559,케이크(생크림),317.0,41.9,3.8,15.7,6.5,0.4,122.0,2012-01-04
560,케이크(초코릿),437.0,40.2,4.7,30.4,31.6,0.2,129.0,2012-01-04
561,케이크(파운드),343.0,39.7,4.8,19.4,53.4,0.3,134.0,2012-01-04
562,콜라,100.0,25.0,0.0,0.0,0.0,0.0,0.0,
563,콩국수,738.0,111.3,40.6,16.3,0.0,4.5,2775.0,2012-01-04
564,콩기름,35.0,0.0,0.0,4.0,0.0,0.0,0.0,2012-01-17
565,콩나물,25.0,2.2,2.2,1.6,0.0,0.6,203.0,
566,콩나물,12.0,1.4,2.0,0.5,0.0,0.4,2.0,
567,콩나물국,18.2,2.3,2.6,0.6,1.0,0.6,319.0,2012-01-17
568,콩나물밥,549.3,105.2,18.0,6.2,11.6,1.9,504.0,2012-01-04
569,콩밥,383.3,80.0,8.8,2.0,0.0,0.7,7.0,
570,콩비지,15.0,2.9,0.9,0.4,0.0,0.9,12.0,2012-01-17
571,콩비지찌개,69.0,9.0,4.9,3.0,7.6,2.5,584.0,2012-01-04
572,콩조림(콩자반),38.0,3.8,3.0,1.7,0.0,0.4,87.0,
573,쿠키,140.0,20.7,1.8,5.6,21.3,0.0,105.0,2012-01-04
574,크래커,175.0,20.6,2.5,9.7,0.0,0.1,222.0,2012-01-04
575,크래커(샌드),172.0,20.6,3.1,8.5,0.0,0.0,307.0,2012-01-04
576,크로켓,237.0,23.8,4.8,14.6,136.0,0.3,277.0,2012-01-04
577,크림빵,288.0,47.8,6.3,8.1,70.4,0.2,168.0,2012-01-04
578,키위,24.0,6.5,0.4,0.2,0.0,0.6,1.0,2012-01-04
579,탕수육,230.0,19.9,8.9,11.5,66.2,0.4,276.0,2012-01-04
580,토란,26.0,5.9,1.1,0.1,0.0,0.4,1.0,2012-01-17
581,토란대(말린것),45.0,13.1,1.5,0.2,0.0,2.1,2.0,2012-01-17
582,토마토,14.0,3.3,0.9,0.1,0.0,0.4,5.0,2012-01-04
583,토마토주스,27.0,6.5,1.7,0.2,0.0,0.8,132.0,2012-01-04
584,토마토케첩,6.0,1.6,0.1,0.0,0.0,0.0,49.0,2012-01-04
585,토마토페이스트,16.0,3.9,0.7,0.0,0.0,0.0,38.0,2012-01-04
586,톳,6.0,2.5,1.0,0.2,0.0,0.5,205.0,2012-01-04
587,톳나물,32.0,7.7,1.6,0.9,0.0,0.7,928.0,2012-01-17
588,파,3.0,0.7,0.2,0.0,0.0,0.1,0.0,
589,파래,3.0,1.2,1.0,0.0,0.0,0.1,339.0,
590,파래무침,43.0,4.3,1.6,3.0,0.0,0.4,721.0,
591,파무침,50.0,3.0,1.5,4.2,0.0,0.7,114.0,2012-01-16
592,파인애플,10.0,2.8,0.2,0.0,0.0,0.2,2.0,
593,파전,109.2,14.3,3.2,4.1,35.2,0.3,197.0,2012-01-04
594,팝콘,50.0,5.8,0.8,3.1,0.0,0.2,78.0,2012-01-04
595,팥,34.0,6.8,1.9,0.0,0.0,0.5,0.0,
596,팥밥,344.9,75.5,7.1,0.4,0.0,0.7,7.0,2012-01-16
597,팥시루떡,195.0,41.4,5.4,0.8,0.0,0.8,200.0,
598,팥죽,247.5,52.1,8.8,0.3,0.0,1.5,329.0,2012-01-04
599,팽이버섯,3.0,0.6,0.3,0.0,0.0,0.1,1.0,
600,포도,39.0,10.6,0.4,0.1,0.0,0.1,4.0,2012-01-06
601,"포도,건포도",11.0,3.0,0.1,0.0,0.0,0.0,0.0,2012-01-04
602,포도주스,110.0,29.0,0.6,0.4,0.0,0.0,2.0,2012-01-04
603,표고버섯,3.0,0.6,0.2,0.0,0.0,0.1,1.0,2012-01-04
604,표고버섯(말린것),8.0,1.9,0.5,0.1,0.0,0.2,1.0,2012-01-04
605,풋고추,2.0,0.5,0.1,0.1,0.0,0.0,1.0,
606,풋고추조림,11.0,0.8,0.5,0.1,3.0,0.0,112.0,
607,풋마늘,4.0,0.9,0.4,0.1,0.0,0.1,1.0,2012-01-04
608,피망,1.0,0.3,0.0,0.0,0.0,0.1,0.0,2012-01-04
609,피자,390.0,43.6,17.5,17.3,31.5,0.4,577.0,2012-01-04
610,함박스테이크,103.3,5.3,6.6,6.2,43.2,0.1,230.0,2012-01-04
611,핫도그,124.0,9.2,5.3,7.4,22.0,0.0,342.0,2012-01-04
612,해물탕,86.3,6.0,13.9,1.4,50.5,0.7,473.0,2012-01-04
613,해삼,5.0,0.3,0.7,0.1,0.0,0.0,260.0,2012-01-04
614,해파리,7.0,0.5,1.0,0.1,47.8,0.0,1200.0,2012-01-04
615,햄버거,344.0,38.1,17.0,14.7,42.0,0.5,747.0,2012-01-04
616,현미,42.0,9.3,0.9,0.3,0.0,0.3,9.0,
617,현미밥,389.3,86.0,7.1,1.1,0.0,1.3,34.0,2012-01-04
618,호두,98.0,0.4,2.3,10.0,0.0,0.4,1.0,2012-01-04
619,호박(애호박),8.0,2.1,0.5,0.0,0.0,0.1,0.0,
620,호박나물,32.0,3.6,0.9,2.0,0.1,0.3,182.0,2012-01-04
621,호박전,76.0,6.2,2.9,4.5,70.6,0.2,214.0,2012-01-04
622,호박죽,243.6,51.4,8.6,0.2,0.0,1.5,308.0,
623,호빵,229.0,46.4,6.6,0.8,3.6,0.4,200.0,2012-01-04
624,홍어,26.0,0.0,5.9,0.2,26.4,0.0,67.0,2012-01-16
625,홍어회무침,44.4,4.3,5.7,0.8,23.1,0.4,283.0,2012-01-17
626,홍차,72.0,17.5,0.2,0.0,0.0,0.0,5.0,2012-01-04
627,홍차,3.0,0.3,0.3,0.2,0.0,0.0,3.0,2012-01-04
628,홍차음료,64.0,16.6,0.0,0.0,0.0,0.0,4.0,2012-01-17
629,홍합,14.0,0.8,1.9,0.2,9.8,0.0,52.0,2012-01-04
630,홍합미역국,28.0,2.8,1.8,2.2,0.8,0.2,824.0,2012-01-17
631,회덮밥,696.5,121.9,39.8,5.5,51.2,2.5,892.0,2012-01-06
632,효모,0.0,0.0,0.0,0.0,0.0,0.0,0.0,2012-01-04
633,후렌치후라이,367.0,47.2,4.4,19.7,0.0,4.0,223.0,2012-01-04
634,후르츠샐러드(칵테일),29.0,7.7,0.1,0.2,0.0,0.2,1.0,2012-01-04
635,후추,3.0,0.7,0.1,0.0,0.0,0.1,0.0,
636,흑미밥,387.2,85.0,6.7,0.7,0.0,0.4,7.0,2012-01-04
